time,x,y,z,H,W
0.0,-0.6791345038595367,-0.31448226212854447,0.6632324121105465,3,9
0.25,-0.6807609300612221,-0.31597176342458577,0.6608527830164127,3,9
0.5,-0.6915142714661618,-0.30219670948289734,0.6561136800405343,3,9
0.75,-0.9577181825822123,0.0857962708757719,0.27461770273461117,4,8
1.0,-0.9707048392094926,0.11965372812059537,0.2083629057248818,5,8
1.25,-0.9764399423443305,0.12944737320850597,0.17265114121840566,5,8
1.5,-0.9784108248653737,0.15359541456112671,0.1382776424880562,5,8
1.75,-0.9679983601721818,0.2217207193244709,0.11755465676104009,5,8
2.0,-0.9655659537344401,0.2396036553033713,0.10135323060546207,5,8
2.25,-0.9683130298859949,0.2336830343534529,0.08810286946727297,5,8
2.5,-0.9708146485051137,0.22389176706947853,0.08597322191472723,5,8
2.75,-0.9676045055469271,0.21634665869271935,0.13013702055058246,5,8
3.0,-0.9625079974408188,0.2060140754958413,0.17645553422904664,5,8
3.25,-0.961065631080374,0.2052514453061013,0.18499918095991494,5,8
3.5,-0.9612529051066849,0.20574408248652123,0.1834726817423737,5,8
3.75,-0.9594461404361062,0.206759709635565,0.19160774011943246,5,8
4.0,-0.9584046836442107,0.20643002008132433,0.1970967000689358,5,8
4.25,-0.9568535362483347,0.21018799065902333,0.20062980524283844,5,8
4.5,-0.9559271169559271,0.20228151620228155,0.21280398321280403,5,8
4.75,-0.9537658314606066,0.2028828316827324,0.2217415056922219,5,8
5.0,-0.9519029610959516,0.20666211554900688,0.22621123458742656,5,8
5.25,-0.9516728773130037,0.20609552703554807,0.227691388336776,5,8
5.5,-0.9490926497585098,0.2038052847068088,0.24018024086079115,5,8
5.75,-0.9467796535522603,0.2104971302852498,0.24351436458890102,5,8
6.0,-0.9063088648679976,0.2213463934853797,0.36001391022111445,5,8
6.25,-0.8099040048462406,0.20093306129874855,0.551072960515333,5,9
6.5,-0.800491647689826,0.17839530434452144,0.5721785013146273,5,9
6.75,-0.7332893885304063,0.13003994042445075,0.6673651823125835,5,9
7.0,-0.6275086451540622,0.11004578405570509,0.770793633645529,4,10
7.25,-0.5956497155352292,0.09707329033420234,0.7973570045384265,4,10
7.5,-0.5393092593722156,0.07573568306606522,0.8386951943739205,4,10
7.75,-0.49531808716844994,0.07006624754208324,0.865881466182964,4,10
8.0,-0.5208171161511643,0.06741617944339134,0.8510021094411229,4,10
8.25,-0.5732990180155418,0.08185702506184252,0.8152469953274529,4,10
8.5,-0.5837868232294885,0.09399572373785733,0.8064476107861058,4,10
8.75,-0.5833762012181819,0.09715830959753563,0.8063699341669385,4,10
9.0,-0.5741283428018567,0.08796331463616483,0.8140264745509281,4,10
9.25,-0.535230858058893,0.03627605102182748,0.8439265232849379,4,10
9.5,-0.552586060369737,-0.012077946749052652,0.8333683273843444,4,10
9.75,-0.5652886148208746,-0.012337060987244894,0.8248009328802276,4,10
10.0,-0.5659720937858336,-0.021839906666040167,0.8241350663164976,4,10
10.25,-0.5390112775374459,0.06806531469580657,0.8395438973769099,4,10
10.5,-0.5405915223333637,0.10099147152457376,0.8352014898577454,4,10
10.75,-0.5525917735471042,0.11974074766485945,0.8248057257055909,5,10
11.0,-0.5388032040709984,0.14922993680070967,0.8291088790052136,5,10
11.25,-0.5307613409389452,0.1523581595379051,0.8337142137368868,5,10
11.5,-0.5326639096277997,0.15212053627239677,0.8325433933581035,5,10
11.75,-0.5346690430090653,0.1506091959652825,0.8315322510513117,5,10
12.0,-0.5435151665336049,0.15105681617204023,0.8256955262298047,5,10
12.25,-0.5767911192732496,0.12220201692843523,0.8076996172997326,5,10
12.5,-0.6260376736119788,0.03675401200477793,0.7789261671173041,4,10
12.75,-0.6291257241117846,-0.0206547541045922,0.7770290885119434,4,10
13.0,-0.6323012086657239,-0.0705523713447044,0.771503431241562,4,10
13.25,-0.6496442444367586,-0.16997499015399747,0.7409931567783481,3,10
13.5,-0.6813546503834389,-0.213449268635246,0.7001394504810743,3,10
13.75,-0.7004782987073844,-0.24435298784319956,0.670538418267074,3,9
14.0,-0.7182799054884331,-0.26172741695726365,0.6446493128704986,3,9
14.25,-0.7459482264774187,-0.26331254167745566,0.6117415702815618,3,9
14.5,-0.7533892124639098,-0.26335454609029235,0.60253554052569,3,9
14.75,-0.7535302914359735,-0.26015674624014085,0.603747105396092,3,9
15.0,-0.7951532313624088,-0.27198379344238366,0.5419927626441248,3,9
15.25,-0.8219816439632879,-0.27174054348108695,0.500503001006002,3,9
15.5,-0.8158640226628893,-0.2719726669878708,0.5102908630730446,3,9
15.75,-0.8162005292343497,-0.2710431634898277,0.5102472925974171,3,9
16.0,-0.8128037714178233,-0.2841729713722014,0.5085231081381226,3,9
16.25,-0.8079233612612127,-0.2870194335658324,0.5146646355481721,3,9
16.5,-0.8073746141550823,-0.2877587886620109,0.5151127177285613,3,9
16.75,-0.805227591890951,-0.28253641830337317,0.5213268625246555,3,9
17.0,-0.8055741447072934,-0.2816221477322402,0.521286162568884,3,9
17.25,-0.805110134273018,-0.27809753892797584,0.5238887577845953,3,9
17.5,-0.773920017418349,-0.277784713600994,0.5691075992541271,3,9
17.75,-0.673176825672853,-0.2577079523081382,0.6931230573961363,3,10
18.0,-0.670229398334193,-0.2667210473071587,0.6925694452774814,3,10
18.25,-0.7112030197800394,-0.2683566389840156,0.6497499357206242,3,9
18.5,-0.7560773848165154,-0.2647852272261238,0.5985280040330848,3,9
18.75,-0.7814306463108293,-0.263806213708303,0.5654842408194313,3,9
19.0,-0.794562356779042,-0.2659381785796484,0.5458457166301423,3,9
19.25,-0.8082454075034929,-0.2703152138501421,0.5231338704487267,3,9
19.5,-0.8302133016826755,-0.28734580812255683,0.4776800815017783,3,9
19.75,-0.8335524591115302,-0.28496356908865694,0.4732716579316528,3,9
20.0,-0.8340338107771601,-0.27078999066696247,0.480687407194233,3,9
20.25,-0.8509353409920313,-0.1818970774968255,0.4927702290610596,3,9
20.5,-0.8828294546509186,-0.017101539138522456,0.46938224440199616,4,9
20.75,-0.9120895829957165,0.01944272718360552,0.40952969727525723,4,9
21.0,-0.8857326894686515,0.14105277476605227,0.4422462182285186,5,9
21.25,-0.8168513587692838,0.2104640082868979,0.5370835678854713,5,9
21.5,-0.85559456174114,0.17616065653217877,0.4867498012420121,5,9
21.75,-0.9635532141074912,0.07478966469356998,0.2568495856296959,4,8
22.0,-0.9931054763102648,-0.010024215351592716,-0.11679481165337544,4,7
22.25,-0.9562253473246377,0.0006599043138744848,-0.2926305685675576,4,7
22.5,-0.8562449410029644,0.012306682528613038,-0.5164234179159282,4,6
22.75,-0.7285324984055199,-0.018669913608163738,-0.6847567692932106,4,6
23.0,-0.6023119711728282,-0.02871921994712354,-0.7977440039182564,4,5
23.25,-0.45708057080570813,-0.03833238332383324,-0.88859888598886,4,5
23.5,-0.32380940960866084,-0.03195825501652273,-0.9455824322528362,4,4
23.75,-0.225797448524844,-0.01847433669748724,-0.973999081685018,4,4
24.0,-0.15976213637367942,-0.0022194739846656333,-0.9871530447283993,4,4
24.25,-0.08355026626997024,0.017509313198489886,-0.9963497262294672,4,4
24.5,0.0699527476146103,0.05011495311294231,-0.996290672733442,4,3
24.75,0.22524444195665516,0.10919373636852511,-0.9681640714804056,4,3
25.0,0.34328091154535495,0.12551441357602028,-0.9308084377320922,5,3
25.25,0.47945956107335835,0.13829748939080627,-0.8665981385414708,5,2
25.5,0.5519334206642545,0.1514142313430077,-0.8200263591499124,5,2
25.75,0.5968897595668745,0.17350025550332154,-0.7833391834093845,5,2
26.0,0.6123538838188296,0.2181228550549476,-0.7598981122984015,5,2
26.25,0.627848182347725,0.2143270352881361,-0.7482450012310516,5,2
26.5,0.6181218807381176,0.23352195090745348,-0.750594989989375,5,2
26.75,0.6234866840203239,0.2935390152049663,-0.7246372895468735,5,2
27.0,0.703957072834878,0.3056939337959358,-0.6410894309268528,5,1
27.25,0.7596533411683348,0.36725768959403915,-0.5367015843891598,6,1
27.5,0.6972984113834511,0.505049595492083,-0.5086254334728051,6,1
27.75,0.7234347949510418,0.5043760570306784,-0.4714306847759596,6,1
28.0,0.7417266064819952,0.4963186609460248,-0.4511201924470336,6,1
28.25,0.7926758783166239,0.44813097102310107,-0.4133322933728517,6,1
28.5,0.9119192549815306,0.19920919827272254,-0.35877425732271984,5,0
28.75,0.9469682041289519,0.02890806535023271,-0.3200242867760105,4,0
29.0,0.9368165553136651,-0.1280764707354303,-0.32553211720841796,3,0
29.25,0.9263387159897225,-0.22726267249740512,-0.3004134832990183,3,0
29.5,0.9359848291732518,-0.22280802246433962,-0.272560057020556,3,0
29.75,0.9358984350801044,-0.24830888333343323,-0.24987360339242504,3,0
30.0,0.9322957603102319,-0.2817686740144756,-0.22678410361330623,3,0
30.25,0.9383577669213679,-0.3065313770464921,-0.15975987025634772,3,0
30.5,0.9686644715403272,-0.2384450988506575,-0.0695203309082985,3,0
30.75,0.9874081206772595,-0.1574579862392247,-0.015237643849697441,3,0
31.0,0.9816763508715783,-0.1832824954245882,0.0521446930223718,3,15
31.25,0.9824294651116792,-0.17389115219471846,0.0677806260576987,3,15
31.5,0.9792752493125949,-0.1786242288901323,0.09546397717024326,3,15
31.75,0.9676265755693251,-0.23319426054746406,0.09653624759489406,3,15
32.0,0.9641348544668715,-0.21765033457672767,0.15189573483407132,3,15
32.25,0.9443829981032266,-0.12450841536836943,0.30436558181900075,3,15
32.5,0.9445650337288953,-0.13297993063255553,0.300188665851481,3,15
32.75,0.9500261925613129,-0.12317301886264305,0.28684253671957183,3,15
33.0,0.9371696441606386,-0.08572302806437226,0.33817838565363206,4,15
33.25,0.8958490301729529,-0.10284919527118637,0.43229221386725103,4,14
33.5,0.8513443968226526,-0.11041771384088682,0.5128553855316581,4,14
33.75,0.8087314238597146,-0.14094200831954914,0.5710418849372532,3,14
34.0,0.8001034817203936,-0.15723827664978926,0.5788873317797756,3,14
34.25,0.8273979456544038,-0.15661057992985408,0.5393382665645999,3,14
34.5,0.9057946499528573,-0.0962431963358803,0.41264185351928856,4,14
34.75,0.9771625605916747,1.9989006046668145e-05,0.21249312877917143,4,15
35.0,0.9939353699424335,0.04117348841720655,0.10196678002641824,4,15
35.25,0.9901677293221958,0.13985273083646765,-0.0030135504822181337,5,0
35.5,0.9697443677599952,0.2437012020045744,-0.01433824742752628,5,0
35.75,0.9276854687582856,0.3712406739097592,-0.03974963005799995,6,0
36.0,0.9195833720561888,0.3757525974292022,-0.11478853323820003,6,0
36.25,0.902822684347096,0.35030226249053087,-0.24939832702389794,6,0
36.5,0.8475892488407974,0.3294184938417524,-0.4160239430183362,5,1
36.75,0.797465782152964,0.292263908617602,-0.5278542734644889,5,1
37.0,0.7727815002288094,0.1995855456549238,-0.6024735370700838,5,1
37.25,0.7414992542766482,0.14836391299560572,-0.6543447143729417,5,1
37.5,0.7124765539356912,0.13654428245799696,-0.6882825139577159,5,1
37.75,0.7205757239087571,0.13423215125764446,-0.6802590357225076,5,1
38.0,0.7120337446698669,0.1633767080937983,-0.6828733394296784,5,1
38.25,0.7066121821682003,0.18817163417474794,-0.6821221738834615,5,1
38.5,0.7561567166045069,0.24853301968409042,-0.6053580412124703,5,1
38.75,0.7394328603504083,0.32714796694651094,-0.588398889153249,5,1
39.0,0.6466410529747416,0.3407087699227789,-0.6824755546577652,6,2
39.25,0.5612767732878954,0.28496273476497735,-0.777022923447432,5,2
39.5,0.4908178963688977,0.206339339961544,-0.8464761481508172,5,2
39.75,0.3615821579221267,0.06539950995815766,-0.9300436802481974,4,3
40.0,0.22049500799061744,0.01513864246565335,-0.9752706152425156,4,3
40.25,0.07047275825312034,-0.03423242530843581,-0.9969261413974955,4,3
40.5,-0.08466587577696912,-0.06430213320156285,-0.9943324017372901,4,4
40.75,-0.18901872194956174,-0.14450786161950363,-0.9712823485901064,3,4
41.0,-0.23778420173446835,-0.21703659988196816,-0.9467596250987765,3,4
41.25,-0.3457824514360327,-0.22785418052838802,-0.9102290748457911,3,4
41.5,-0.47704130105627823,-0.28034474551116784,-0.8329696397533418,3,5
41.75,-0.5904264048384321,-0.3160511221495959,-0.7426360809020425,3,5
42.0,-0.7044304063087674,-0.3030838377802603,-0.6418083747849148,3,6
42.25,-0.8203924769581336,-0.2415399789137163,-0.5182804475733769,3,6
42.5,-0.9232430314093937,-0.15694099816650237,-0.3507019076772965,3,7
42.75,-0.9692501032261547,-0.1095207007181341,-0.22036209635574186,4,7
43.0,-0.9876717520231266,-0.11424903080912063,-0.10701247223919333,3,7
43.25,-0.9982809973619268,-0.05824185175729725,-0.0065526338183983955,4,7
43.5,-0.9910455522776138,0.07722386119305964,0.10892744637231863,4,8
43.75,-0.9459814387146522,0.19613271549064182,0.258168695859167,5,8
44.0,-0.8801922650122066,0.2244438090706058,0.4181943964026289,5,9
44.25,-0.8312635456328429,0.22528731493677623,0.5081796369695388,5,9
44.5,-0.779823879901571,0.21022424466035333,0.5896443701861688,5,9
44.75,-0.711374485333248,0.15104493856009346,0.6863903904865176,5,9
45.0,-0.6525083053655211,0.15658775694646476,0.741426453401476,5,10
45.25,-0.608670962323854,0.15486560658245313,0.7781621318990036,5,10
45.5,-0.5687776321065955,0.16164901111934474,0.8064499999499987,5,10
45.75,-0.4804397135575677,0.14626822046537888,0.8647446382132783,5,10
46.0,-0.3905103205269374,0.118104466555887,0.9129912510760975,5,10
46.25,-0.34389684853852426,0.120024830241715,0.9313049971361254,5,11
46.5,-0.2882298100338045,0.126096544915499,0.9492224386139693,5,11
46.75,-0.2306573955752336,0.11078914266401892,0.9667072626882565,4,11
47.0,-0.19655172068797505,0.07258334809052008,0.977803190153605,4,11
47.25,-0.1627803853149114,0.030507683976509145,0.9861905634182058,4,11
47.5,-0.12075937440927044,-0.008583519282913076,0.9926446981115657,4,11
47.75,-0.12556577602569718,-0.026111201115251295,0.991741620114525,4,11
48.0,-0.15491253712763714,-0.009616969665484119,0.9878813793847577,4,11
48.25,-0.20704170035347413,0.02748043999884074,0.9779460924469265,4,11
48.5,-0.23810466653466852,0.03235554702234169,0.9707004101942573,4,11
48.75,-0.407641490662611,0.0639983841922811,0.9108966033042066,4,10
49.0,-0.7596241455010977,0.1542123607923149,0.6318146131189022,5,9
49.25,-0.8317631735985261,0.23939330027418237,0.5008601310037992,5,9
49.5,-0.8359877183627284,0.270640223862753,0.47736611104496973,5,9
49.75,-0.8530631312853438,0.30754256252457124,0.42154580566940125,5,9
50.0,-0.8217262726548775,0.2841799024374627,0.4939713715179818,5,9
50.25,-0.7518722745449621,0.24569599238796588,0.6118182426955556,5,9
50.5,-0.6963438886339302,0.23187466817842328,0.6792196456370526,5,9
50.75,-0.6547040348876753,0.22807817719898377,0.72065454399968,5,10
51.0,-0.6022403360504074,0.22983447517127564,0.7645146772015802,5,10
51.25,-0.5461752714810438,0.2073993205725745,0.8115898561765311,5,10
51.5,-0.4983499471303471,0.11413248795191558,0.8594306867857848,5,10
51.75,-0.48698573973081416,0.0911664025134438,0.8686389217342204,4,10
52.0,-0.48355638012451174,0.08361955561242237,0.8713099317464824,4,10
52.25,-0.47538186407110183,0.07519091952608124,0.8765605563411504,4,10
52.5,-0.47124821036054926,0.0777206271516944,0.8785696491156105,4,10
52.75,-0.47463295521898763,0.07807166681159554,0.8767145331642168,4,10
53.0,-0.47268569052445564,0.0788502520921046,0.8776963459639276,4,10
53.25,-0.4709671614934773,0.07769680611785876,0.8787224471434998,4,10
53.5,-0.4640091086545226,0.07544255114363442,0.8826120147395322,4,10
53.75,-0.4636220573208798,0.07684109282799138,0.8826947572171,4,10
54.0,-0.46507444788647945,0.0789647246927151,0.8817427800539623,4,10
54.25,-0.46496370379413937,0.08195317018887636,0.8815284635506835,4,10
54.5,-0.46561048609764344,0.08885432265623283,0.8805179070190557,4,10
54.75,-0.4671601386516427,0.08952420909626699,0.8796287971870098,4,10
55.0,-0.4674214143077058,0.08760480339966098,0.8796832497370239,4,10
55.25,-0.4658699096775484,0.08693348528698748,0.8805724254102498,4,10
55.5,-0.46742232308314224,0.09013444120248632,0.879427174013104,4,10
55.75,-0.4652834046571555,0.09132450238379619,0.880438066314149,4,10
56.0,-0.4645558005505391,0.0946351429422454,0.8804726559610745,4,10
56.25,-0.4664343033800661,0.1053053617528431,0.8782652340930136,4,10
56.5,-0.46477172058944116,0.1305145110555186,0.8757586483411226,5,10
56.75,-0.4617779218232962,0.14446164988136254,0.8751525482052328,5,10
57.0,-0.45970378033760195,0.15403102272124675,0.8746124160922737,5,10
57.25,-0.45636298383799406,0.15134523432259434,0.8768280601294199,5,10
57.5,-0.45720780208258305,0.14857412698793832,0.8768618788067968,5,10
57.75,-0.4557571832359844,0.14573963243260535,0.8780918798549561,5,10
58.0,-0.4535836429889245,0.13839456152168658,0.8804026488795434,5,10
58.25,-0.4502053809200825,0.13782830435191465,0.8822235960968622,5,10
58.5,-0.4506311879949144,0.13695928562132725,0.8821415342723569,5,10
58.75,-0.45046447983655746,0.13631938461169407,0.8823257775814264,5,10
59.0,-0.4454701419003746,0.13546408975186192,0.8849891711557603,5,10
59.25,-0.36495402228792456,0.1128944426070457,0.9241555098814862,5,11
59.5,-0.24345671798299415,0.09619359990074261,0.965129845050439,4,11
59.75,-0.27005360949985113,0.0657880276779274,0.9605951193975274,4,11
60.0,-0.28913890462728964,0.05083453494774351,0.955936474818059,4,11
60.25,-0.2943920045530518,0.053476353037551674,0.9541874172933947,4,11
60.5,-0.2899195317630149,0.05517736294862964,0.9554591167184227,4,11
60.75,-0.2795400543194129,0.0592875300261201,0.9583018036164295,4,11
61.0,-0.2855176745702631,0.05871386019976035,0.9565732277920139,4,11
61.25,-0.2930849057641959,0.06037614286986265,0.9541781591429087,4,11
61.5,-0.2965113136574653,0.06380410346546446,0.9528956276812756,4,11
61.75,-0.29482417075321643,0.06187732042454073,0.953545964050374,4,11
62.0,-0.30045059381899786,0.06373170150711724,0.951665755870631,4,11
62.25,-0.3052582243137287,0.0689903973473534,0.9497672038782364,4,11
62.5,-0.3058245295633777,0.06508410344458847,0.9498607353692188,4,11
62.75,-0.3029498123864918,0.05870822699234346,0.9511964861470026,4,11
63.0,-0.3032303810431507,0.05675293750556299,0.9512257566408276,4,11
63.25,-0.30164797731867793,0.054538415288683646,0.9518582137258415,4,11
63.5,-0.28989895250397474,0.024035676299814592,0.9567553938190831,4,11
63.75,-0.28309657359467827,-0.00701187162420045,0.9590657765113292,4,11
64.0,-0.2926708322919271,-0.029662584353911527,0.9557530617345666,4,11
64.25,-0.2944211541440357,-0.036474109458304815,0.9549794884350752,4,11
64.5,-0.3003350149101141,-0.040445872934416496,0.9529758707236581,4,11
64.75,-0.3061454970666719,-0.03918766303207171,0.9511778286376762,4,11
65.0,-0.30806367171420457,-0.03886164630466667,0.9505716946219539,4,11
65.25,-0.3103232922120425,-0.03430488471292828,0.9500119100282436,4,11
65.5,-0.30814392065999435,-0.03626492096273494,0.9506482944116891,4,11
65.75,-0.30602464787676664,-0.04011701295157875,0.9511779750203134,4,11
66.0,-0.31212468659266956,-0.03689252004506263,0.9493245609295867,4,11
66.25,-0.31402340234023407,-0.04050405040504052,0.9485508550855086,4,11
66.5,-0.3103888241210053,-0.03959791653115447,0.94978459814169,4,11
66.75,-0.3104274674263597,-0.041256775647395154,0.9497013561801608,4,11
67.0,-0.3083374203530586,-0.04456532922067609,0.9502325855502295,4,11
67.25,-0.3086768063043633,-0.04429227537353092,0.9501351606966105,4,11
67.5,-0.31071739413159394,-0.042997629027901434,0.9495293070158766,4,11
67.75,-0.3107711760304421,-0.04465482540203348,0.9494352124905467,4,11
68.0,-0.3089735136114082,-0.04407160560285526,0.950048978456483,4,11
68.25,-0.30711224369278567,-0.041833901514772384,0.9507533825646035,4,11
68.5,-0.30713321316368125,-0.04380754306440621,0.9506577136606071,4,11
68.75,-0.3067579042005893,-0.044393386943709104,0.9507517107037609,4,11
69.0,-0.3089546414240972,-0.04209852206890341,0.9501445910923882,4,11
69.25,-0.3089351490959379,-0.04012516473652663,0.9502363099818577,4,11
69.5,-0.31081313598149723,-0.040078588606252664,0.9496256637416018,4,11
69.75,-0.30891503665646597,-0.0381515454157902,0.950324134024766,4,11
70.0,-0.3088943041426691,-0.03617767592208039,0.950408062167558,4,11
70.25,-0.30674949597076323,-0.035882485758301746,0.9511136598417077,4,11
70.5,-0.30678011650687187,-0.03557146011223103,0.9511154668816579,4,11
70.75,-0.30712532679934823,-0.03954822617517647,0.9508469758298603,4,11
71.0,-0.30128016075739933,-0.04102912728127047,0.9526525470750252,4,11
71.25,-0.3031631969777227,-0.04097464445266198,0.9520573273234256,4,11
71.5,-0.3072203968931487,-0.04089826873403116,0.9507591489685362,4,11
71.75,-0.30715937877518584,-0.039236410331861045,0.9508488944804595,4,11
72.0,-0.30895872631478877,-0.033263117866917505,0.9504935930471677,4,11
72.25,-0.3089307551742979,-0.03128896610111822,0.950569718173139,4,11
72.5,-0.30892551562640735,-0.035864180852021976,0.950409799153382,4,11
72.75,-0.30098967125633047,-0.039218823755310384,0.952820603083422,4,11
73.0,-0.297205592617089,-0.04355060942235706,0.9538197838879556,4,11
73.25,-0.29535680005444803,-0.04329022526891245,0.9544057402686572,4,11
73.5,-0.29543514312279,-0.04269113480394364,0.9544084781775402,4,11
73.75,-0.29331446989543175,-0.04013076518816479,0.9551733577918587,4,11
74.0,-0.2895762235776989,-0.044176947698188494,0.9561349319162801,4,11
74.25,-0.2895762235776989,-0.044176947698188494,0.9561349319162801,4,11
74.5,-0.28770399521669826,-0.046201254616825935,0.9566043357669779,4,11
74.75,-0.2894959402909874,-0.04476376512269097,0.956131950039887,4,11
75.0,-0.29137024991954524,-0.04274397788442896,0.9556549219338734,4,11
75.25,-0.29137024991954524,-0.04274397788442896,0.9556549219338734,4,11
75.5,-0.2931533269045323,-0.03934426229508196,0.955255544840887,4,11
75.75,-0.29310387903681157,-0.037666082037905925,0.95533836014131,4,11
76.0,-0.2949325974821341,-0.040200733919656485,0.9546720190383516,4,11
76.25,-0.2873456861134758,-0.03638211524437638,0.9571357261968236,4,11
76.5,-0.2738941425716349,-0.02897605534338547,0.961323247862906,4,11
76.75,-0.23850277851600668,-0.017510345750898697,0.9709839403573205,4,11
77.0,-0.17940671620528703,-0.016123211406212354,0.9836428580711529,4,11
77.25,-0.10575483932849884,0.008620569069462125,0.9943548661054172,4,11
77.5,-0.09782402270932662,0.00477775445540596,0.9951922596379703,4,11
77.75,-0.06401116196763708,-0.0014232709809860202,0.9979481677137683,4,11
78.0,0.019966070077187075,-0.0022793230410568057,0.9997980599761869,4,12
78.25,0.18695142685307772,-0.015711044864539774,0.9822435171925865,4,12
78.5,0.3328423711074067,-0.019944006291787657,0.9427715484721803,4,12
78.75,0.3651138104256773,-0.024279824274421644,0.9306462247114345,4,12
79.0,0.4063949355597568,-0.025918064763169234,0.9133298474649305,4,13
79.25,0.4288976275528073,-0.03152923283202754,0.9028027096528886,4,13
79.5,0.4253587479125713,-0.006120125960267149,0.9050041323842006,4,13
79.75,0.42223370724065995,0.010028620354940386,0.9064315325735227,4,13
80.0,0.47860655131248214,-0.006914852134545666,0.8780022516262301,4,13
80.25,0.5000904523316214,-0.03334442748671452,0.8653309705785053,4,13
80.5,0.5460286903247948,-0.04155764630074512,0.8367351022731934,4,13
80.75,0.5992135937367289,-0.03413622714850289,0.7998611048658264,4,13
81.0,0.6343629409196844,-0.009669740405429842,0.7729748736590479,4,13
81.25,0.7137642679851113,-0.009334317366790468,0.7003238110095741,4,14
81.5,0.7358272633714018,-0.024599582346652278,0.6767223204740065,4,14
81.75,0.7009579596070535,-0.0668421142129517,0.7100634271887681,4,13
82.0,0.6169049179671668,-0.09579753726377097,0.7811857359438403,4,13
82.25,0.5148323002751375,-0.09722390422934993,0.8517600689394949,4,13
82.5,0.22992650728076935,-0.13530300621122981,0.9637566589963827,3,12
82.75,0.03229983850080749,-0.11813540932295337,0.9924720376398115,3,12
83.0,-0.08936687459044687,-0.09069945426260423,0.9918604592997955,4,11
83.25,-0.19760526920732008,-0.0658770851448732,0.978065625218634,4,11
83.5,-0.3187892629351887,-0.04486820864437601,0.9467630377714816,4,11
83.75,-0.42025895293639504,-0.05765877234605274,0.9055704712767257,4,10
84.0,-0.5106404277192677,-0.08399426210718408,0.8556817851933933,4,10
84.25,-0.5498632412181075,-0.08709990436378934,0.8307009224847026,4,10
84.5,-0.5955404459554046,-0.059754024597540256,0.8010998900109989,4,10
84.75,-0.5563900602063273,-0.05316875670584093,0.8292184176765216,4,10
85.0,-0.4916147484424533,-0.01803054091622749,0.8706261187835634,4,10
85.25,-0.39404574440200324,0.0012965782739101633,0.9190899141016893,4,10
85.5,-0.34045242461756303,-0.014877494165198384,0.9401440351028065,4,11
85.75,-0.2998219349336835,-0.02463483649342941,0.953677058633353,4,11
86.0,-0.2640383607881719,-0.039504573140249646,0.9637028238691129,4,11
86.25,-0.2540729783234883,-0.04556691414467957,0.9661110588442531,4,11
86.5,-0.2653404149490546,-0.05112254017435826,0.9627984992098733,4,11
86.75,-0.26291659548365,-0.05663870298049538,0.9631546714541621,4,11
87.0,-0.26676430630836123,-0.06082469482609941,0.961840507245942,4,11
87.25,-0.2744873087619959,-0.059175476764626214,0.9597681909077189,4,11
87.5,-0.24607726176821473,-0.04865785402643793,0.9680280959157123,4,11
87.75,-0.15898454900822354,-0.038295635983242655,0.9865380668992407,4,11
88.0,-0.14363867302749356,-0.05170672187384359,0.9882784762019061,4,11
88.25,-0.154512924455121,-0.05520106098140781,0.9864474639041115,4,11
88.5,-0.16071214242848567,-0.05625125025005,0.985397079415883,4,11
88.75,-0.17854962825092813,-0.055821400338226614,0.9823461719351966,4,11
89.0,-0.19823849825020692,-0.059700118387488364,0.9783339888177364,4,11
89.25,-0.21595436862011916,-0.059283161368260805,0.9746020815964178,4,11
89.5,-0.2197225204277752,-0.059621989860900046,0.9737387906116779,4,11
89.75,-0.21972404700384032,-0.0657921719619512,0.973341015922366,4,11
90.0,-0.25523376309315154,-0.08004884512458106,0.9635600181470432,4,11
90.25,-0.3401261460433058,-0.09191955063598212,0.9358765949571594,4,11
90.5,-0.48145584472483344,-0.07922202372259488,0.8728826613798635,4,10
90.75,-0.5216921540890255,-0.040465076262182625,0.8521736172664862,4,10
91.0,-0.6139358192542237,0.03727281815455365,0.788475457362791,4,10
91.25,-0.7218631410698818,0.13123966016319688,0.6794775619289959,5,9
91.5,-0.8403364371521712,0.17279325684851324,0.5137870792284279,5,9
91.75,-0.9154071216445291,0.21849006431995557,0.3380708408543098,5,8
92.0,-0.9477553788582789,0.25433204528153924,0.19254857202303483,5,8
92.25,-0.9703265163258165,0.22961548077403876,0.07578378918945929,5,8
92.5,-0.9532004646634642,0.27867801043191487,-0.11724948045541826,5,7
92.75,-0.9038054693238701,0.28224080957041603,-0.3216765441142623,5,7
93.0,-0.8741906939311556,0.2929117400931328,-0.38728974058161925,5,6
93.25,-0.8728978544860111,0.2910159728044147,-0.39161082621196613,5,6
93.5,-0.8796806470257655,0.2978214479281456,-0.3707618432394488,5,6
93.75,-0.9168217379994797,0.2596594433439382,-0.30333953618664594,5,7
94.0,-0.9404390593811128,0.22652498906048008,-0.2534971497305582,5,7
94.25,-0.9195173342275293,0.2851852037215913,-0.27047600934902183,5,7
94.5,-0.9141616081749893,0.2755195692316931,-0.29731720621131086,5,7
94.75,-0.9106725032074953,0.2689412362818272,-0.3136019823422624,5,7
95.0,-0.9139064108844083,0.26017014385252873,-0.3115871762318436,5,7
95.25,-0.9387177690176669,0.17681338797349844,-0.29588169251210483,5,7
95.5,-0.9377101194423689,0.16654113264694734,-0.30489962779913354,5,7
95.75,-0.934191848510512,0.1611437792687004,-0.31830531346415286,5,7
96.0,-0.9418809728887247,0.1371559821172224,-0.30667322915384937,5,7
96.25,-0.9514002891113078,0.111905083457131,-0.2869054586015617,5,7
96.5,-0.9537210425337701,0.0919440481415533,-0.2862908748801511,4,7
96.75,-0.9510560721019911,0.05077748713357575,-0.3048179694806917,4,7
97.0,-0.9514626429106607,0.034485621654497575,-0.30582606338336016,4,7
97.25,-0.9536771771726729,0.032868455182606435,-0.2990309455455595,4,7
97.5,-0.9519235093589501,0.03511517670021678,-0.30431654029160704,4,7
97.75,-0.9492578439782684,0.0513660349892121,-0.31027580649354036,4,7
98.0,-0.9484784597796424,0.057784291466200566,-0.3115278269975034,4,7
98.25,-0.9475739258127815,0.06759959654564703,-0.31230425816280327,4,7
98.5,-0.9476250036243076,0.08095853691944839,-0.3089539897879506,4,7
98.75,-0.9463907065083061,0.10159878237566833,-0.30663058890869127,4,7
99.0,-0.948021809143002,0.11708266217125553,-0.2958822394266353,5,7
99.25,-0.9492043213264276,0.14924510741837033,-0.2770145380425277,5,7
99.5,-0.9451139329552221,0.16249185622184648,-0.28347142782913853,5,7
99.75,-0.9380404395032832,0.19462973798842728,-0.28670437552824923,5,7
100.0,-0.9233285876223987,0.22615130180220286,-0.31035448759828677,5,7
100.25,-0.913289710672351,0.24314883207875682,-0.32677293314892225,5,7
100.5,-0.9002966854283929,0.2507186991869919,-0.35581738586616624,5,7
100.75,-0.8806672181526818,0.2594342073187789,-0.39638257144341454,5,6
101.0,-0.8678319294805095,0.2711509993892815,-0.41634706400349414,5,6
101.25,-0.8559708523024144,0.2880463070358682,-0.4293520991117624,5,6
101.5,-0.8431617665457276,0.3036977355185788,-0.44367321406230453,5,6
101.75,-0.8316189291033913,0.30996521841773306,-0.46079444455003504,5,6
102.0,-0.7982125149966027,0.3384294266619837,-0.49831947992431386,6,6
102.25,-0.7692276916367767,0.3509265019774311,-0.533984408601075,6,6
102.5,-0.7654119291164382,0.34770265102599374,-0.5415232637992099,6,6
102.75,-0.7723109678374686,0.33415175400155683,-0.5402576924539214,6,6
103.0,-0.7947613351680249,0.33088807680124066,-0.5087902325641815,5,6
103.25,-0.8064020350840002,0.3353328860254965,-0.487101235229592,6,6
103.5,-0.7664929131779287,0.34321581303431203,-0.5428549711766564,6,6
103.75,-0.7591434834328293,0.31215252661982495,-0.5711934625731713,5,6
104.0,-0.7636206486051726,0.3036307724319792,-0.569817390973788,5,6
104.25,-0.78772762383846,0.2785497227493432,-0.5494499454891931,5,6
104.5,-0.8189254007910263,0.2574867853773184,-0.5128954506478992,5,6
104.75,-0.8113230365743835,0.26969872334981493,-0.5186689974802826,5,6
105.0,-0.8051324008779106,0.2736068362748536,-0.526213945273438,5,6
105.25,-0.7854022333523281,0.2645632766497716,-0.5595977166621681,5,6
105.5,-0.7702143655511499,0.2638329864214489,-0.5806565132456355,5,6
105.75,-0.7705937572166501,0.25493181484188104,-0.5841190213647829,5,6
106.0,-0.7723744209974257,0.24986888619321568,-0.583954872829616,5,6
106.25,-0.7792994060812872,0.2577317008490986,-0.571197694374534,5,6
106.5,-0.7864660405354432,0.26366948115553124,-0.5585244594390432,5,6
106.75,-0.7860828403313933,0.27076460149371084,-0.5556620364164544,5,6
107.0,-0.7850698598797539,0.2699399770721427,-0.5574923532091492,5,6
107.25,-0.7843490461336463,0.26625996123088436,-0.5602697625917062,5,6
107.5,-0.7842850448754649,0.2634239235233759,-0.5616981439351931,5,6
107.75,-0.783995934154106,0.26627088698269014,-0.5607585843973163,5,6
108.0,-0.7836154942609218,0.26797369276551053,-0.5604791317612343,5,6
108.25,-0.7807108863027932,0.2730921044078631,-0.5620597962124598,5,6
108.5,-0.7792270603812236,0.2628654225686377,-0.5689525094306628,5,6
108.75,-0.7845310282285912,0.2500355334725311,-0.5674445327498503,5,6
109.0,-0.7879635129486633,0.24656158939867562,-0.5641993308173987,5,6
109.25,-0.7876113096392701,0.23744723228194517,-0.5685835354721049,5,6
109.5,-0.7882494393396512,0.23656565777812458,-0.5680664670095648,5,6
109.75,-0.787059111650898,0.23461732615616834,-0.5705196447403277,5,6
110.0,-0.785694207840717,0.23550159601231996,-0.5720346231140196,5,6
110.25,-0.787213827391876,0.23573204222144134,-0.5698462900055966,5,6
110.5,-0.7944484082492439,0.23065746531004608,-0.5618263613670926,5,6
110.75,-0.8007266009113504,0.2241705772618303,-0.5555037919610026,5,6
111.0,-0.8083606951229277,0.2211740209818211,-0.5455593817570275,5,6
111.25,-0.8072725456407183,0.22437002072875306,-0.5458654878749282,5,6
111.5,-0.8038121334246701,0.22422784797467912,-0.5510062852199826,5,6
111.75,-0.7994336686961874,0.22126744145325017,-0.558521735215101,5,6
112.0,-0.7988332943231127,0.21756900307880664,-0.5608289371815416,5,6
112.25,-0.7987864832721341,0.21210135845455663,-0.5629859393301652,5,6
112.5,-0.8031747650367951,0.19602644504495312,-0.562569044341338,5,6
112.75,-0.8112629590010696,0.18816919431753426,-0.5535745348755835,5,6
113.0,-0.8105115461676571,0.18730471994763842,-0.554966643514951,5,6
113.25,-0.8132613733223681,0.18611408945971036,-0.5513324626451799,5,6
113.5,-0.8135119631760832,0.1860163453101672,-0.5509956488456551,5,6
113.75,-0.8141774534242323,0.1788549518975683,-0.5523820964851687,5,6
114.0,-0.8368533976163922,0.0954443383062681,-0.5390424558262358,4,6
114.25,-0.8412834275932133,0.06018766648801287,-0.5372333192010175,4,6
114.5,-0.8195599207629612,0.032971478861631875,-0.5720440698588577,4,6
114.75,-0.7600499520692284,-0.027821861635169774,-0.6492688305892383,4,6
115.0,-0.6739358536426787,-0.04185867396186026,-0.7376030887876408,4,5
115.25,-0.589794373798381,-0.01619655013482128,-0.8073910257115234,4,5
115.5,-0.5183734680434003,0.019127307820912497,-0.854940403609621,4,5
115.75,-0.4421525801960944,0.038467342433500126,-0.8961145905474591,4,5
116.0,-0.39597348332904864,0.04572295140510946,-0.9171228991880344,4,5
116.25,-0.36283648915680733,0.07368868656044424,-0.9289346907126241,4,4
116.5,-0.399503781663932,0.07272800032014085,-0.9138420905198286,4,5
116.75,-0.6117464314524604,0.08577725377472363,-0.7863895766985004,4,5
117.0,-0.773287054968569,0.18723321633634285,-0.6057811926086727,5,6
117.25,-0.8686053823000479,0.26052003642714117,-0.4214902139544739,5,6
117.5,-0.9347856070585456,0.2917527030241487,-0.20262336764126782,5,7
117.75,-0.9466201850862931,0.31766480060322055,0.05476586203930924,5,8
118.0,-0.9301260022909507,0.3143184421534937,0.18991981672394032,5,8
118.25,-0.8900272930510152,0.3243026080803821,0.32043600923826315,5,8
118.5,-0.8595739913229716,0.31188284711364267,0.4047982745978344,5,9
118.75,-0.8654551860964685,0.2991657640956238,0.40185465836768425,5,9
119.0,-0.8439709791537585,0.3488737433294026,0.4074310954769852,6,9
119.25,-0.8190483235551969,0.33457121978965604,0.4660707484598061,6,9
119.5,-0.7790779861776906,0.3661242448266314,0.5089111207307648,6,9
119.75,-0.7801058641370233,0.38977286821395285,0.48939958310494797,6,9
120.0,-0.796464990346612,0.3807424160165252,0.46976454932026346,6,9
120.25,-0.7920269635052556,0.38580015402002255,0.47312950683588856,6,9
120.5,-0.790669625578923,0.37072276998990916,0.48724344120561996,6,9
120.75,-0.7735022718629275,0.356316179266999,0.5241498028383273,6,9
121.0,-0.7811054765414751,0.33085232123251956,0.5295384556875626,5,9
121.25,-0.7991896591548817,0.31891671907950725,0.5094978066601139,5,9
121.5,-0.77953689133403,0.3149667463473035,0.5414039007475566,5,9
121.75,-0.7515207917423435,0.3124560323821818,0.5810230007555175,5,9
122.0,-0.7518571352882198,0.3068084464042402,0.5835918311039047,5,9
122.25,-0.7449425902135935,0.3100578346738115,0.5906984649067998,5,9
122.5,-0.751356485758526,0.2676278089339388,0.6031905065514682,5,9
122.75,-0.7694308864994885,0.1814703416201894,0.6124088715987568,5,9
123.0,-0.7660518746404542,0.13698106600635301,0.6280133063205023,5,9
123.25,-0.7668412859126689,0.13275731659976708,0.6279569548217722,5,9
123.5,-0.7743655058494422,0.12957717732019203,0.6193285222466901,5,9
123.75,-0.777470710364824,0.13365225714531212,0.614553796412307,5,9
124.0,-0.7826331558489271,0.13107218399917514,0.6085272598229563,5,9
124.25,-0.7940331003044684,0.1174869702945729,0.5964128162874069,5,9
124.5,-0.7964083224915516,0.09597325227477572,0.5970954016855224,4,9
124.75,-0.802146181089529,0.08232360299249478,0.5914256745811929,4,9
125.0,-0.8060886962187486,0.08103138484661339,0.5862208871220798,4,9
125.25,-0.8073096146192292,0.08395816791633581,0.5841251682503364,4,9
125.5,-0.8065030251857329,0.08930767962508682,0.5844458988873511,4,9
125.75,-0.8039882130061036,0.09086908074650962,0.5876612659615542,4,9
126.0,-0.8000728426858139,0.1021358516090429,0.5911444106246261,4,9
126.25,-0.7976467481228205,0.10994780110399965,0.5930186727595391,4,9
126.5,-0.7958226005711914,0.11331796151710824,0.5948322688100512,5,9
126.75,-0.7928040347319711,0.11459470701398639,0.59860656163885,5,9
127.0,-0.7897659868976649,0.1158522264475282,0.6023686143605992,5,9
127.25,-0.7864300661823502,0.11351378940742125,0.6071592629770148,5,9
127.5,-0.7848870628339507,0.11226039276842258,0.6093848560732156,5,9
127.75,-0.7870284209316386,0.1062733946696385,0.6076941913752691,4,9
128.0,-0.7899243677735733,0.09498767789569453,0.6058026363804508,4,9
128.25,-0.7896199480236576,0.08955307553387871,0.6070260162015624,4,9
128.5,-0.7894537196526209,0.09041985149213472,0.6071137249171537,4,9
128.75,-0.7884985457149601,0.09657492868602248,0.6074070517821494,4,9
129.0,-0.7878647276523532,0.10099527312762555,0.607510597213875,4,9
129.25,-0.7897761569794155,0.10957206451916443,0.6035292739742071,4,9
129.5,-0.7904591484810015,0.1114432237361671,0.6022912438895165,5,9
129.75,-0.7887967493656103,0.11388818345607865,0.6040109021030341,5,9
130.0,-0.7859893871106359,0.11333606483655952,0.6077627989247205,5,9
130.25,-0.7834222191092746,0.11473969642088834,0.6108063757616995,5,9
130.5,-0.7807895102747571,0.11329791543919422,0.6144357761410366,5,9
130.75,-0.7803264786092806,0.11592460770263904,0.6145340284396211,5,9
131.0,-0.7796475656441471,0.11939588393455072,0.6147310763940946,5,9
131.25,-0.7860991956433602,0.11618974207531022,0.6070815418420619,5,9
131.5,-0.8223340002019601,0.11922851198313933,0.5563733944412951,5,9
131.75,-0.8481496715875984,0.1890750709817144,0.4948663982522035,5,9
132.0,-0.813644244747192,0.21378011091401514,0.5406302869497446,5,9
132.25,-0.7863595913002652,0.22112709752916243,0.5768374120221466,5,9
132.5,-0.7862527144503193,0.2135164386012074,0.579842564379816,5,9
132.75,-0.789381142766945,0.1985466155964091,0.5809101934715587,5,9
133.0,-0.7904199636395981,0.19422131471137052,0.5809598626340401,5,9
133.25,-0.7902150393428118,0.19709637837956853,0.5802699451342419,5,9
133.5,-0.7887741860665064,0.19577992254060422,0.58267100951147,5,9
133.75,-0.7901120838320721,0.19507262768544587,0.5810934218440578,5,9
134.0,-0.7921109359672834,0.1917705043143319,0.5794690145262826,5,9
134.25,-0.7928620902993153,0.18270953916825003,0.5813664335538526,5,9
134.5,-0.7947571105738334,0.1802707999964019,0.5795373791749665,5,9
134.75,-0.7953815805128936,0.17766597445031795,0.5794850670236732,5,9
135.0,-0.7925649368499444,0.17798369643990625,0.583234622324182,5,9
135.25,-0.7922258361804083,0.1797285599764904,0.5831602431725177,5,9
135.5,-0.7931004826222007,0.18273640587467024,0.5810327275054652,5,9
135.75,-0.7915954731942839,0.18232923059091083,0.5832089321079064,5,9
136.0,-0.7927560362198192,0.18447907760461202,0.5809520952395241,5,9
136.25,-0.7918851843744721,0.18147289680766743,0.583082706391162,5,9
136.5,-0.7905624958120101,0.18219131638401692,0.5846514042142931,5,9
136.75,-0.7921734870374632,0.18061568302022618,0.5829572381247563,5,9
137.0,-0.7908521579063206,0.18133616118769885,0.5845255007102984,5,9
137.25,-0.7905624958120101,0.18219131638401692,0.5846514042142931,5,9
137.5,-0.7905624958120101,0.18219131638401692,0.5846514042142931,5,9
137.75,-0.7898691092924895,0.18030582876592338,0.5861711339690167,5,9
138.0,-0.7914794391681595,0.17873362489116618,0.5844780480970347,5,9
138.25,-0.7930969619108225,0.14112246409003407,0.5925214419217085,5,9
138.5,-0.7396586563434213,-0.010248516517225813,0.6729041833763858,4,9
138.75,-0.6645334496300045,-0.04529568628706206,0.7458844381850518,4,10
139.0,-0.6508542560838688,-0.0604882691629,0.7567892088495912,4,10
139.25,-0.6545539543121196,-0.07713538248541349,0.7520699792327817,4,10
139.5,-0.6549811417803879,-0.07557898086558676,0.7518560510918153,4,10
139.75,-0.6673322276218467,-0.07878494445100225,0.7405812787973488,4,10
140.0,-0.6783174655909826,-0.08062827853841982,0.7303317715765605,4,10
140.25,-0.6919120991158936,-0.08402260993857735,0.7170759012239557,4,10
140.5,-0.7078597429240119,-0.07779262963522082,0.7020561880091857,4,9
140.75,-0.7110926647297966,-0.0760579860885393,0.6989723921011706,4,9
141.0,-0.7169847186955365,-0.07965407464768158,0.6925230260064311,4,9
141.25,-0.7241795552621973,-0.08249701224604092,0.6846591960316627,4,9
141.5,-0.7274508116847387,-0.08102640651668891,0.6813589641490067,4,9
141.75,-0.7333004234976226,-0.07669124245288864,0.675565646128664,4,9
142.0,-0.7336079214095743,-0.07326924057173753,0.675611601462826,4,9
142.25,-0.7338028098620056,-0.07167097325583137,0.6755713935855977,4,9
142.5,-0.7325615595006812,-0.07166852407258088,0.676917413130426,4,9
142.75,-0.7319482057210517,-0.07953949973798846,0.6767017748780946,4,9
143.0,-0.7318379497825525,-0.08239309367596956,0.676479558724854,4,9
143.25,-0.7349647656629007,-0.07963110224209416,0.6734134545654599,4,9
143.5,-0.7394065064141339,-0.07709557864174932,0.6688305390951729,4,9
143.75,-0.7307061396265881,-0.07850555213603358,0.6781632663273832,4,9
144.0,-0.7180427266448299,-0.08121920769891239,0.6912438665284626,4,9
144.25,-0.7258760662829679,-0.07831369860001318,0.6833526915211137,4,9
144.5,-0.7367255155399212,-0.053790689142597804,0.6740490164031112,4,9
144.75,-0.7846238227445702,0.06401312351953295,0.6166585577116166,4,9
145.0,-0.8210662322453799,0.18581510494014203,0.539743447428924,5,9
145.25,-0.8046321553110918,0.22891000469610223,0.547875263531269,5,9
145.5,-0.7888956333131003,0.23965728102815698,0.565869302392093,5,9
145.75,-0.7824447549986906,0.252186708411555,0.5693698881005076,5,9
146.0,-0.7789156102230861,0.2566215079342056,0.5722201270633286,5,9
146.25,-0.7803345877790108,0.2664114415051747,0.5657763471115562,5,9
146.5,-0.7803525521851601,0.26997549166596707,0.564059507674347,5,9
146.75,-0.7816794015345884,0.2713987808148448,0.5615336276562106,5,9
147.0,-0.7811758207007529,0.27783537549486215,0.5590812474731504,5,9
147.25,-0.7834925204544205,0.2782041093767962,0.5556455200195924,5,9
147.5,-0.7834925204544205,0.2782041093767962,0.5556455200195924,5,9
147.75,-0.7843791949329711,0.28042708043668313,0.5532720227104043,5,9
148.0,-0.7834025344946179,0.2802722123713054,0.554732328172699,5,9
148.25,-0.7835247931654139,0.2820706046026318,0.5536470649377649,5,9
148.5,-0.7848983984604737,0.2826119137257099,0.551420901231061,5,9
148.75,-0.7835429701218798,0.2785416043392864,0.5554052472066495,5,9
149.0,-0.7835429701218798,0.2785416043392864,0.5554052472066495,5,9
149.25,-0.7835429701218798,0.2785416043392864,0.5554052472066495,5,9
149.5,-0.7734187798272669,0.27709705937651263,0.5701233293730321,5,9
149.75,-0.6857432803675745,0.2601703964875866,0.6797554841427984,5,9
150.0,-0.6601720915823031,0.24373644603899536,0.7104684049049099,5,10
150.25,-0.661405280046383,0.23011485750272404,0.7138558733268692,5,10
150.5,-0.6697275157187075,0.2225967114552676,0.7084601320741688,5,10
150.75,-0.6798457348364811,0.22058156725478675,0.6993951308180999,5,10
151.0,-0.6892102932031187,0.22033325534846243,0.6902480918701773,5,10
151.25,-0.6921943799695788,0.22100706128951286,0.687039168605913,5,9
151.5,-0.6936568851468429,0.2211346456283289,0.6855214031605527,5,9
151.75,-0.6945816552930044,0.2164977122633488,0.6860649129019546,5,9
152.0,-0.69762868582963,0.21611997507354408,0.6830859192530866,5,9
152.25,-0.6955043188464939,0.2118575240747186,0.6865785693996023,5,9
152.5,-0.6958329706305824,0.21114603063112278,0.6864647337861864,5,9
152.75,-0.7013750806843229,0.1939661115851697,0.6858936825424105,5,9
153.0,-0.7034873836121972,0.18534038744261866,0.6861154727019972,5,9
153.25,-0.7073567900554975,0.17540997552907736,0.6847464582217794,5,9
153.5,-0.710897857710024,0.16444090651807378,0.6838007196302245,5,9
153.75,-0.7093249395312284,0.15732579544306935,0.6871002286764465,5,9
154.0,-0.7063148888477492,0.15113704024296884,0.6915756450733259,5,9
154.25,-0.6897075731067233,0.12432091977005744,0.7133356660834791,5,10
154.5,-0.6784220280646015,0.06019352486000169,0.7322023568670355,4,10
154.75,-0.6725395273316974,0.05634906828075352,0.7379128449080876,4,10
155.0,-0.6700502940072562,0.05086450644313774,0.7405709996246715,4,10
155.25,-0.671745404435662,0.04609864538103533,0.7393463508489119,4,10
155.5,-0.6421810775671243,0.05128902115939451,0.7648352109593533,4,10
155.75,-0.5958985331906852,0.06635137432133824,0.8003139591853058,4,10
156.0,-0.6061307993202892,0.06649883931080766,0.7925801905710628,4,10
156.25,-0.6107293232105382,0.06968570740081932,0.7887671367107314,4,10
156.5,-0.6205579709348068,0.07103647594778782,0.7809363762779878,4,10
156.75,-0.6288386568976311,0.07220365358728024,0.7741760626626422,4,10
157.0,-0.6434832326596541,0.0723471077849758,0.7620336116478263,4,10
157.25,-0.6996092345984067,0.07357562857363119,0.7107274764244216,4,10
157.5,-0.7831750436951435,0.07462040000440202,0.6173075787938241,4,9
157.75,-0.7773105126651508,0.07454711612104632,0.6246847960197811,4,9
158.0,-0.7826250481387195,0.06470444076561821,0.6191214496131396,4,9
158.25,-0.7832672073487398,0.059408318365345644,0.6188401518979741,4,9
158.5,-0.7783709826152532,0.05215023973787858,0.6256348503063485,4,9
158.75,-0.7786698463699167,0.049504138349101806,0.6254779057972899,4,9
159.0,-0.7814272866507874,0.04998314354397735,0.6219912226382707,4,9
159.25,-0.782358544598921,0.05194319693654485,0.6206585309049325,4,9
159.5,-0.7805081924104096,0.05792429606862289,0.6224562133236281,4,9
159.75,-0.7721711285102912,0.05401386026597157,0.6331147219851323,4,9
160.0,-0.762839477279501,0.049851677158282356,0.6446632781448344,4,9
160.25,-0.7626651943825159,0.051655969602133214,0.6447274323944522,4,9
160.5,-0.7651489780719072,0.054612796968954776,0.6415329171311037,4,9
160.75,-0.7652076576734145,0.05364569018504545,0.6415445273420518,4,9
161.0,-0.8088093610454822,0.04681322283653751,0.5862046909167957,4,9
161.25,-0.9378187198548829,0.0749891382475839,0.3389287208759879,4,8
161.5,-0.9568036567147004,0.12729858000114072,0.2613844563608764,5,8
161.75,-0.9568212259710847,0.1392164100348011,0.25517039935739494,5,8
162.0,-0.9622794269047701,0.15783508019295087,0.22159962097510955,5,8
162.25,-0.9924096184194594,0.022357851716867244,0.12092673705657303,4,8
162.5,-0.9847046904082518,-0.15585953478975326,0.07787475908862229,3,8
162.75,-0.982576396454256,-0.18234510879623378,-0.03597063286985759,3,7
163.0,-0.9478945310507794,-0.2593003337030033,-0.18509266583399242,3,7
163.25,-0.9161934985247551,-0.27126907045081194,-0.29496197157891685,3,7
163.5,-0.8920318991891273,-0.2569305975750779,-0.37184103977204014,3,6
163.75,-0.8905059874852559,-0.16145219008016626,-0.4253613482337417,3,6
164.0,-0.8882889908715517,0.059453892838217476,-0.45542057850165457,4,6
164.25,-0.8740391743143099,0.1493683076880042,-0.46232524311612255,5,6
164.5,-0.8697964747901388,0.1925913182980656,-0.4542715889848944,5,6
164.75,-0.9072193812758858,0.25313131838353375,-0.33597251359421165,5,7
165.0,-0.9406266657465997,0.26283318682263807,-0.21480268059568342,5,7
165.25,-0.956766261509687,0.2806129436308983,-0.07651598985558083,5,7
165.5,-0.96041796422391,0.2748558649254157,0.045294453436398194,5,8
165.75,-0.9530365910977329,0.2778083342500275,0.12059761792853775,5,8
166.0,-0.9328460447666349,0.2936600781970056,0.20871515334678978,5,8
166.25,-0.8945555975756411,0.27953361706895896,0.34875670570532724,5,8
166.5,-0.8631068446577673,0.26778661066946663,0.42817859107044665,5,9
166.75,-0.8425580785799035,0.22807059666224488,0.48793410124510556,5,9
167.0,-0.839904012340129,0.22912558119089443,0.49199869725324247,5,9
167.25,-0.8432689199184484,0.1958705619650913,0.5005319686643935,5,9
167.5,-0.8396350248119097,0.1992956619177205,0.505266527933408,5,9
167.75,-0.8461050209460141,0.19415270848805863,0.4963980452385926,5,9
168.0,-0.8526443601186605,0.19157733445619538,0.48610258184924166,5,9
168.25,-0.8553417352350795,0.18757557360932053,0.48291398835628835,5,9
168.5,-0.8550837101674204,0.18855637711275425,0.48298896597793195,5,9
168.75,-0.8563943271836462,0.1887016007333192,0.4806042678216175,5,9
169.0,-0.8558580639352548,0.1834804747875411,0.4835720109443231,5,9
169.25,-0.8593188619009017,0.1837351507691076,0.477297064681098,5,9
169.5,-0.8601545495537377,0.18509153696721745,0.4752633731154962,5,9
169.75,-0.8596453176958344,0.18637062831521406,0.47568468197433067,5,9
170.0,-0.8593205056227564,0.18952547078138152,0.47502459361736843,5,9
170.25,-0.8580342901714509,0.18796293981469908,0.4779613898069492,5,9
170.5,-0.8543219746177672,0.17928649945038466,0.4878425102428298,5,9
170.75,-0.8540221823943479,0.17231616405620925,0.49086989272448633,5,9
171.0,-0.8550090754259854,0.1662362169466589,0.49124841080095644,5,9
171.25,-0.8539086211139365,0.16721851985971264,0.4928265753824794,5,9
171.5,-0.8548158689841047,0.1765980422475023,0.48795795065486935,5,9
171.75,-0.8532531859966125,0.17665608833804253,0.490664475012948,5,9
172.0,-0.853515056671883,0.17495637739924302,0.4908180050097245,5,9
172.25,-0.8529525248950918,0.1703841870935368,0.49339762774415796,5,9
172.5,-0.8522155410591328,0.16215513040276106,0.49742776888846196,5,9
172.75,-0.856387298615362,0.14098424929087805,0.49671343471077034,5,9
173.0,-0.8542803404533036,0.05539022703226458,0.5168529990861053,4,9
173.25,-0.845210180582961,0.027514549042136034,0.5337253040937134,4,9
173.5,-0.8530116384333379,0.017185069595530685,0.5216088746180124,4,9
173.75,-0.854060805915711,0.007718404156986185,0.5201159159609282,4,9
174.0,-0.8553368946958496,0.01365155637140952,0.5178922972787873,4,9
174.25,-0.8542057028412166,0.019717749075386624,0.5195611875467059,4,9
174.5,-0.8436985613683501,0.03988087737930234,0.5353337773431016,4,9
174.75,-0.8340015155473739,0.061813111186521455,0.548288802867728,4,9
175.0,-0.8274938326396301,0.08790637607104157,0.5545506523208066,4,9
175.25,-0.8186686534028692,0.1207642267479362,0.561424649862745,5,9
175.5,-0.8123712989064155,0.1462564225594274,0.564501489434015,5,9
175.75,-0.8089424794783922,0.15232504866567037,0.5678108350888986,5,9
176.0,-0.8079152528477995,0.15760522911363806,0.5678323132509404,5,9
176.25,-0.8071101552373234,0.16198729358572933,0.5677440567980915,5,9
176.5,-0.7998478881978255,0.17483250188888833,0.5741750186386994,5,9
176.75,-0.7935680538942517,0.19937512751479175,0.574890687319729,5,9
177.0,-0.7827476549211176,0.2553692462367805,0.5675320755622092,5,9
177.25,-0.7877300564415805,0.34476165332629316,0.5105102942882401,6,9
177.5,-0.789635520397487,0.4500088439242241,0.4170944561086534,6,9
177.75,-0.758589429425944,0.5067295579234279,0.4095939851730594,6,9
178.0,-0.7019579985792753,0.5679136359543366,0.42980119861129173,7,9
178.25,-0.6183363025901055,0.6449285727861365,0.4491406827523362,7,9
178.5,-0.5441337231727277,0.6903254945770888,0.47683246831888754,7,9
178.75,-0.47474150103019336,0.7230285982466199,0.5018467428579434,7,10
179.0,-0.4152748785666967,0.7366413359564661,0.5337661635882214,7,10
179.25,-0.36613707517106153,0.7401075315050113,0.5640784378034137,7,10
179.5,-0.37922029080310427,0.7429472195466416,0.5515626891035355,7,10
179.75,-0.41217841662194166,0.7222297180470478,0.5554216301520053,7,10
180.0,-0.49922089871683306,0.6797463670277135,0.5373298528808744,7,10
180.25,-0.6082466904294814,0.6051494546323983,0.5136439439336294,7,9
180.5,-0.6508958953051766,0.4853978167240458,0.5837152499244834,6,9
180.75,-0.6887174590159838,0.4714199293060092,0.5508461780748637,6,9
181.0,-0.7299901553653261,0.4514379663083621,0.5131453357919935,6,9
181.25,-0.8074301001898947,0.4276949921060688,0.40636637045248536,6,9
181.5,-0.8486991068912659,0.39376322726209906,0.3530727217133938,6,9
181.75,-0.860386470047521,0.37314894370388296,0.3471238798640084,6,8
182.0,-0.874121329080383,0.3512643862052416,0.3354478096971273,6,8
182.25,-0.8863060143570972,0.3337215969823322,0.3210787202883407,6,8
182.5,-0.8923961405789135,0.3249952507123932,0.3130610408438736,5,8
182.75,-0.887747081424117,0.32573846920019917,0.32526845697988166,5,8
183.0,-0.887685824183733,0.3201973594773332,0.33088899728910615,5,8
183.25,-0.8813664788898662,0.30253773793481537,0.36285540786181547,5,8
183.5,-0.8880946879560528,0.29269605210118155,0.35442466944136886,5,8
183.75,-0.8921912553105908,0.2830667448455001,0.35194883422151724,5,8
184.0,-0.8920812669972806,0.27739561670132784,0.35671092625179995,5,8
184.25,-0.8885452199225744,0.2687246791441176,0.3718527113947602,5,9
184.5,-0.8913031524835068,0.27065989908613663,0.3637607859564372,5,8
184.75,-0.8930837604684341,0.2680958822076861,0.361283814653858,5,8
185.0,-0.883362581432207,0.2315889467184633,0.4074765140265883,5,9
185.25,-0.8892206682556102,0.2286639384809102,0.3962315060484778,5,9
185.5,-0.897471889064834,0.23280000399622364,0.37463097372982535,5,9
185.75,-0.9048598727197625,0.23756977359400147,0.35325516757164394,5,8
186.0,-0.8999779068267906,0.24152136989670195,0.3629148593084734,5,8
186.25,-0.9022997295905872,0.2361308961497898,0.360690168793454,5,8
186.5,-0.8975633565308889,0.22099022022008014,0.38150143326085356,5,9
186.75,-0.8912972610821677,0.2052618421447357,0.4042978710638681,5,9
187.0,-0.8945559518832008,0.19340744638073726,0.4029431828866477,5,9
187.25,-0.8942832999154973,0.1883065907306756,0.40595320836229254,5,9
187.5,-0.8934603014693683,0.1852911252231237,0.40914042651859045,5,9
187.75,-0.8914613430330277,0.17398659626523125,0.41836029710978856,5,9
188.0,-0.8952535907765524,0.1657330747694038,0.41358621365945997,5,9
188.25,-0.8975532062832087,0.1637411923129639,0.40937399017360737,5,9
188.5,-0.9005236334426029,0.16111045058852566,0.4038571632675286,5,9
188.75,-0.8997302549525772,0.14061548278562522,0.41317400005800964,5,9
189.0,-0.893333653244398,0.1168995019384611,0.43392336930333364,5,9
189.25,-0.8946368010884462,0.10596744665312777,0.4340459588431255,4,9
189.5,-0.8896621400826039,0.10136696909404697,0.44522580122936267,4,9
189.75,-0.8843305208344802,0.09793061613044335,0.4564746699926826,4,9
190.0,-0.8726558442663058,0.09550436434992049,0.47890572543871146,4,9
190.25,-0.8423438970975909,0.07917170643960425,0.5330934251347358,4,9
190.5,-0.8070218612854273,0.07082284185706382,0.5862591922338567,4,9
190.75,-0.8256190667662895,0.06216023469374487,0.5607934216935678,4,9
191.0,-0.8160862678079762,0.03521869269092198,0.5768560021187181,4,9
191.25,-0.7904916551015266,0.043482260341634896,0.6109273575887982,4,9
191.5,-0.8130859892182482,0.04500956768072424,0.5804009932401715,4,9
191.75,-0.8066085053652352,0.05023288190482097,0.5889476858329591,4,9
192.0,-0.7816872642227258,0.04286641089921747,0.6221957021457235,4,9
192.25,-0.7963334030265531,0.047388054848897423,0.6029987425209005,4,9
192.5,-0.8203420008902625,0.03593059952686042,0.5707433692939416,4,9
192.75,-0.842685952436384,0.0351096664991352,0.5372594316386676,4,9
193.0,-0.8480536660242594,0.030887582727449202,0.5290093919544994,4,9
193.25,-0.8425417124587872,0.03561594564891598,0.5374522929363574,4,9
193.5,-0.8416490152192481,0.033862776747693314,0.5389621948999819,4,9
193.75,-0.8441889348663907,0.030227818633088196,0.5351927888432669,4,9
194.0,-0.8442314173225985,0.029264673087481013,0.5351793091241099,4,9
194.25,-0.8420232404376012,0.02125588788094302,0.5390223091796427,4,9
194.5,-0.8380280493497432,0.024043156536402082,0.5450971611803077,4,9
194.75,-0.816420852307483,0.023652552164752254,0.5769727451913272,4,9
195.0,-0.7871417931710144,0.02212347357529528,0.616375169325049,4,9
195.25,-0.7748116152820442,0.030351621464004084,0.6314631738261027,4,9
195.5,-0.7691384533223459,0.032252870505475,0.6382678058347195,4,9
195.75,-0.7388064258137621,0.03876949009692372,0.6728015991463746,4,9
196.0,-0.7324315051021684,0.04762357290834103,0.6791730896002993,4,9
196.25,-0.7466973956948714,0.05221402914726948,0.6631113740712834,4,9
196.5,-0.7512824739384312,0.04448573669199146,0.6584798125864765,4,9
196.75,-0.7517717456041121,0.0294471514167969,0.6587655939594766,4,9
197.0,-0.763552256059391,0.021247617542884234,0.6453963828651086,4,9
197.25,-0.7721122663535042,0.021202487961316165,0.6351323504992529,4,9
197.5,-0.7674690007293947,0.02368833867889652,0.6406482619425878,4,9
197.75,-0.7676222623926164,0.017527082540167896,0.6406628314931895,4,9
198.0,-0.7703890689347448,0.022027219735557442,0.637193443199613,4,9
198.25,-0.7732292593221866,0.022059426127107554,0.6337427666230251,4,9
198.5,-0.772084323188877,0.02110180299582385,0.6351696716597064,4,9
198.75,-0.772084323188877,0.02110180299582385,0.6351696716597064,4,9
199.0,-0.7732346985890381,0.020156027319772056,0.6337995230832886,4,9
199.25,-0.7692969365750613,0.01840375436589064,0.6386262797610713,4,9
199.5,-0.7597070058977121,0.003779019436529787,0.6502545533881571,4,9
199.75,-0.740594859566773,-0.05216848586565899,0.6699236546545854,4,9
200.0,-0.7384932234785977,-0.0706063192825884,0.6705538804253952,4,9
200.25,-0.7461090096732748,-0.060757197008298514,0.6630459325688232,4,9
200.5,-0.7513282571065508,-0.05212371051499354,0.6578669841809832,4,9
200.75,-0.7572888890665663,-0.038090516948441074,0.6519682898845052,4,9
201.0,-0.7601949986855482,-0.03714051240632657,0.6486325202390605,4,9
